name,_L,_a,_b
Air_Force_Blue_Raf,55.410446147953365,-7.135546355225064,-20.652432885444362
Air_Force_Blue_Usaf,23.98665038647372,26.870262080724157,-55.853577723443024
Air_Superiority_Blue,63.80909691726799,-6.887907712324393,-21.861160933869293
Alabama_Crimson,36.85654657130083,51.16558741445976,20.989477057097094
Alice_Blue,97.17863626262596,-1.3511138696672975,-4.258191426690572
Alizarin_Crimson,49.48242778848778,69.31623963663792,40.23854906983251
Alloy_Orange,52.411165691101814,34.73402587045704,57.44039766531548
Almond,89.39410289495568,3.055735182095898,10.436685546738644
Amaranth,50.652290809036614,69.81519503690315,26.444485159840315
Amber,81.0306935621448,10.384338406406734,83.03002340761529
Amber_Sae/Ece,66.66330164336838,43.80681201774534,73.78589992976077
American_Rose,53.68568328914981,80.91246044266926,41.89558513870612
Amethyst,52.54717743785122,40.30765069533193,-45.39735217825258
Android_Green,75.18699677715668,-30.471903046591585,63.13026598626554
Anti-Flash_White,95.79314441870163,-0.15664819803823393,-0.5926592346250814
Antique_Brass,66.33687731965404,17.07797712602449,25.197694111123248
Antique_Fuchsia,46.06076909911148,27.898200293556386,-12.77931982799525
Antique_Ruby,29.108630266956,44.579402361966395,16.899046543218866
Antique_White,93.73135757818152,1.8366498256468522,11.530202655319677
Ao_English,46.22765770135144,-51.698683483727635,49.897075555228945
Apple_Green,68.83711570304638,-34.125455682427194,69.78218348991159
Apricot,85.92096401551069,11.769655068548435,20.404467181052908
Aqua,91.11330144068016,-48.090596233016704,-14.126329820082262
Aquamarine,92.03413248880135,-45.52678157064105,9.72230196733297
Army_Green,33.53478583729535,-11.636949773409565,28.261893570509088
Arsenic,28.305680326942834,-1.889026111155906,-5.4468029241449
Arylide_Yellow,85.24114780358852,-6.737078485393566,54.4811649466497
Ash_Grey,75.84020862516681,-5.842590494221311,3.1185195869113835
Asparagus,65.42666750720872,-22.97280377252281,28.299503759292133
Atomic_Tangerine,72.89662741492332,33.565002067967306,42.785696035100095
Auburn,37.52638298567689,49.690023330924426,30.544063531395327
Aureolin,92.59042430796495,-14.205580287531994,91.09639967382489
Aurometalsaurus,51.89577477808186,-5.97609333245841,-2.638284627429699
Avocado,49.43545110162002,-32.3584709208804,52.906089483920915
Azure,54.44340692269438,19.397791506470195,-71.3527343439762
Azure_Mist/Web,98.93242090016749,-4.882890849833288,-1.6836042034210186
Baby_Blue,79.74559683758106,-13.556425249065029,-23.11797688723265
Baby_Blue_Eyes,79.70845204041902,-4.4129675250483285,-23.590795924170216
Baby_Pink,82.76125539927901,17.821181775379724,6.819346747000243
Ball_Blue,64.84613376061543,-23.05260442457874,-27.173882134579497
Banana_Mania,92.0489386597058,-0.9534677144513171,26.73955611348604
Banana_Yellow,89.56669851505342,-6.0658921878500855,80.37195265308581
Barn_Red,25.28430177227616,45.05479032148216,36.677186646877935
Battleship_Grey,55.09271722565936,-0.39419868795348423,1.079714055606873
Bazaar,53.27626305562532,13.517019715346967,2.7496413688768984
Beau_Blue,83.69952086447773,-4.278764186895878,-11.541950622420227
Beaver,56.32965266327608,8.905453555702103,13.568490410564182
Beige,95.9491339442556,-4.194965290714114,12.053125529469998
Big_Dip_O’Ruby,35.569980248860546,50.04113387364475,12.637010645932767
Bisque,92.01346832982043,4.429049032686261,19.015722785055967
Bistre,19.30382190962939,6.468487978333492,11.076457145183111
Bittersweet,64.36598144186017,53.36978066912157,36.55360712329858
Bittersweet_Shimmer,48.59289262086601,45.19325297171717,21.865702246376053
Black,0.0,0.0,0.0
Black_Bean,10.990966365641146,23.225741085398557,16.20758065835305
Black_Leather_Jacket,20.438198865046225,-9.640541354875381,5.475445098103693
Black_Olive,25.038358356061416,-1.745546411276555,3.5654698292306275
Blanched_Almond,93.92030116037654,2.1282481132727793,17.0300119037611
Blast-Off_Bronze,52.6541598866888,18.886332645291105,15.524669325195495
Bleu_De_France,57.245871828932735,4.908829489400912,-53.519097461232356
Blizzard_Blue,87.47503286571511,-16.00357340125208,-10.24668086790057
Blond,94.46758760244892,-4.30803501942334,25.440017185654806
Blue,32.29567256501352,79.18559091176559,-107.85730020669489
Blue_Bell,68.07605700512218,9.789515952373595,-23.392787947954453
Blue_Crayola,52.02432841343169,26.327982513974224,-74.7108846153745
Blue_Gray,61.62373249987196,-2.8248742117141235,-31.42782727601865
Blue-Green,58.11713134659975,-20.827696311685294,-26.931099594264317
Blue_Munsell,56.04780953214933,-22.530118392026623,-23.8813455865998
Blue_Ncs,52.948971900080025,-10.889200217211403,-36.69099781940706
Blue_Pigment,27.765219159931995,33.15366712696605,-55.72856606585229
Blue_Ryb,40.68970223847338,53.83348668255491,-93.32226537240537
Blue_Sapphire,38.261632828894385,-11.007004914423051,-23.712507181636198
Blue-Violet,42.187106248591796,69.84298738867295,-74.75998054383652
Blush,57.0764296385486,53.80054574718296,4.706341388442858
Bole,35.03510585103682,21.765106740051916,15.361916984455426
Bondi_Blue,56.948183563064134,-21.12358315662305,-26.476317200275346
Bone,87.33494922406842,0.22199116022975085,9.466246299277415
Boston_University_Red,42.52368593565287,67.69580143181553,56.801260834633204
Bottle_Green,39.339103843420105,-33.764852571757764,8.429147013062622
Boysenberry,34.554986698638984,41.307091199924514,-8.628191150501962
Brandeis_Blue,50.457801050522434,28.852608203946584,-77.82944769620126
Brass,67.64387732333724,-6.72571412507561,52.16399506692772
Brick_Red,48.412073725766035,55.534960006238585,20.195698555538165
Bright_Cerulean,65.44989317694336,-20.81467901530748,-31.22295237386672
Bright_Green,89.08374254786824,-74.42578900315272,84.82250030272354
Bright_Lavender,67.91562063298828,31.07293381103077,-34.4688539633639
Bright_Maroon,43.005297082339176,62.6659844490855,20.136510640603866
Bright_Pink,54.864434035753604,84.46246633197762,4.642957583989382
Bright_Turquoise,83.45989721398398,-47.46281208106473,-8.258260318011846
Bright_Ube,72.34759012456766,31.392910305138354,-29.671326829322943
Brilliant_Lavender,82.91080357730692,31.814667447329526,-25.601139849105927
Brilliant_Rose,62.00376791664765,70.34704769435457,-6.097581940853569
Brink_Pink,62.00894710311243,61.3744638640985,14.655978023102723
British_Racing_Green,23.769471274549183,-27.179073002185028,12.43476354073495
Bronze,60.24084817763894,24.015943155952456,52.33071638585061
Brown_Traditional,40.439679539081695,27.497532342429825,50.14147913593795
Brown_Web,37.52638298567689,49.690023330924426,30.544063531395327
Bubble_Gum,83.84204262500792,23.76370237847192,3.1652046883314355
Bubbles,98.0699796369921,-7.250908123375311,-3.019740240966362
Buff,87.64315291671869,-4.96230204440068,46.52163951318629
Bulgarian_Rose,12.758278715458449,30.02695894762204,17.00669137149098
Burgundy,25.847433261852167,48.894362418315126,21.29798796608091
Burlywood,77.01841285839714,7.0486055622749895,30.021558754193258
Burnt_Orange,51.08066542221195,44.15814061914247,60.771663658473415
Burnt_Sienna,62.0092309552324,42.580434990466095,40.02635031263737
Burnt_Umber,33.77357823688505,36.184428574108665,28.503125264164364
Byzantine,46.802328562533596,65.40635597188515,-30.849527403987764
Byzantium,29.240630986695848,38.87223769836656,-19.029872026358774
Cadet,42.69396295226277,-5.307140948818012,-8.175002617195371
Cadet_Blue,61.153177656929785,-19.6814317829756,-7.417406844887431
Cadet_Grey,66.01864616627306,-3.5035121826539894,-8.841026884156644
Cadmium_Green,39.31121343532793,-38.523831466671545,19.061984355320305
Cadmium_Orange,66.15684232756522,32.85995904281158,61.458215458703016
Cadmium_Red,47.56173105295351,73.7582284299697,49.14810901183905
Cadmium_Yellow,94.81244947957931,-17.252229905991456,92.78121979097166
Café_Au_Lait,55.103051065821475,12.585282976264434,24.010769544603306
Café_Noir,24.46317852364863,6.411335920198436,16.81111131055185
Cal_Poly_Green,28.793294187455565,-24.76982914834261,15.476311529172271
Cambridge_Blue,75.41570439612192,-14.059465295887419,6.70667435117025
Camel,66.14553923322053,8.36593472449726,30.15593512235959
Cameo_Pink,80.87939800582612,21.26551649394215,-1.3421720260068604
Camouflage_Green,54.137943641572605,-10.355198408799337,12.863611369975668
Canary_Yellow,93.012971828878,-13.857941192367552,91.47731337712158
Candy_Apple_Red,53.4285384016753,79.54762260953818,67.26772924461066
Candy_Pink,61.40633614234024,45.414087607659916,16.168667735426865
Capri,72.54579227907962,-17.662129049820397,-42.536469581420036
Caput_Mortuum,22.58313753587864,22.360559222992737,15.503516860815514
Cardinal,42.723339838078644,62.89197556793835,28.487440183752955
Caribbean_Green,73.20829911702397,-54.46483004095748,13.658243987419993
Carmine,30.7647373533883,54.341539203938474,33.140192778116024
Carmine_M&P,45.389296512190015,71.81587707639481,28.95943098074514
Carmine_Pink,55.308294965025055,60.437394545542254,40.437905947032135
Carmine_Red,53.54894535596111,80.93352790447994,45.13331694571152
Carnation_Pink,77.72908700629148,37.455512599176565,-4.150109945748426
Carnelian,38.63794372665887,57.77800543897468,41.052320663979046
Carolina_Blue,74.25920006556564,-3.016010630331689,-21.147779044504446
Carrot_Orange,68.29240461076444,27.315286432426646,67.33735645756356
Catalina_Blue,20.243239482168782,21.82643410341678,-47.534565119253536
Ceil,66.59962113226028,5.252386448841961,-25.20312816638828
Celadon,84.85074023646094,-26.619791914557712,19.0600588415611
Celadon_Blue,48.20195779951655,-12.33117107784787,-31.440440165896977
Celadon_Green,50.16930049728225,-27.20291866116642,-3.1989294520383904
Celeste_Colour,95.2455263386393,-23.36999571049064,-7.533756812207204
Celestial_Blue,59.97990416012114,-6.312556525066126,-36.31911584369094
Cerise,50.25355785862776,67.5328270263591,14.171196450972756
Cerise_Pink,54.66267145577066,70.90963729342653,1.5078698470969432
Cerulean,48.20195779951655,-12.33117107784787,-31.440440165896977
Cerulean_Blue,38.27465058443442,25.39453706605993,-60.702010699982736
Cerulean_Frost,62.19583858913167,-4.856978246574273,-25.476250128298126
Cg_Blue,47.79518691805158,-12.516282287959369,-30.91000195288929
Cg_Red,51.04304958918445,62.13861907250246,44.460898634792315
Chamoisee,53.649520025235674,11.634306435156837,22.53715618755202
Champagne,87.55136707050663,5.75665150872906,28.884047635222853
Charcoal,28.39270132032805,-3.2517609150688465,-7.9553687547444625
Charm_Pink,69.07578043314214,36.658687953247835,-1.1864217603270832
Chartreuse_Traditional,94.82696683310941,-34.50699653341777,91.73275907735575
Chartreuse_Web,89.87305127975559,-68.06668461367215,85.78031794704809
Cherry,50.25355785862776,67.5328270263591,14.171196450972756
Cherry_Blossom_Pink,81.38037720304303,27.99928010065894,3.3544938271627966
Chestnut,53.39501088395025,44.82754515678589,22.119029319838447
China_Pink,61.19868337495265,48.816544957684,-6.6813248505877665
China_Rose,46.09295749890197,38.91545657775469,0.3118235691188964
Chinese_Red,40.362346653811436,45.39812105109875,40.4667644721847
Chocolate_Traditional,33.49321687137717,22.290803168083684,43.79569184517737
Chocolate_Web,55.99003936524444,37.052073673644934,56.74110382445654
Chrome_Yellow,75.39093473701885,22.889635927555886,79.24771129931891
Cinereous,55.8937481230936,7.775801988108677,6.515920833822086
Cinnabar,52.37605381317074,61.080583816918946,44.419850531048276
Cinnamon,55.99003936524444,37.052073673644934,56.74110382445654
Citrine,82.71659596038765,-9.837359511638832,82.10155540052509
Classic_Rose,86.73450568321034,20.849861677965986,-7.022850536426151
Cobalt,32.79973737293937,22.514179946534902,-58.44035123691276
Cocoa_Brown,55.99003936524444,37.052073673644934,56.74110382445654
Coffee,36.185344267814166,10.8689309728644,19.099368990362965
Columbia_Blue,84.94425990934278,-12.432983885871884,-23.09586599698863
Congo_Pink,67.70598073442288,43.58289236225765,25.749408591913635
Cool_Black,19.450869593099966,9.116836046807187,-35.24898184237056
Cool_Grey,60.87965075922301,3.4326861665121,-14.335876052988738
Copper,54.75516328710232,21.652439713215067,45.397390257044314
Copper_Crayola,65.01428918374188,26.90176222076346,31.41188245690858
Copper_Penny,53.24908412863901,23.861129111862056,13.579071890907034
Copper_Red,56.31857938058576,34.606030684938894,32.11812044888222
Copper_Rose,48.55562400806056,20.553500693165084,8.412205951220386
Coquelicot,56.18307290566588,71.686778243009,68.34006555076319
Coral,67.29498239336417,45.353523286751965,47.49483577693101
Coral_Pink,67.70598073442288,43.58289236225765,25.749408591913635
Coral_Red,57.370130797200545,70.54959421023248,44.82225821832655
Cordovan,36.56396420608067,32.1578900166011,11.546782224092766
Corn,92.26218311490487,-11.366250958434353,68.83140875676959
Cornell_Red,38.63794372665887,57.77800543897468,41.052320663979046
Cornflower_Blue,61.92568256843806,9.329853556425904,-49.29382665798408
Cornsilk,97.45572152904859,-2.219740622572186,14.297636832762372
Cosmic_Latte,97.69851427018733,-0.4982739259375979,8.994268962426123
Cotton_Candy,83.04042517842062,28.359581497856556,-4.971657663720719
Cream,98.4583953618223,-6.494734600652197,21.836282777003134
Crimson,47.03623932451991,70.92085644380886,33.60079570694767
Crimson_Glory,39.883657134457565,65.24688435440848,29.719281711640754
Cyan,91.11330144068016,-48.090596233016704,-14.126329820082262
Cyan_Process,69.37017207934932,-20.423936250571263,-36.665455471956186
Daffodil,97.22953094166833,-20.827279234629792,88.01435824172702
Dandelion,88.25284787404539,-12.501716583639189,80.09665962765985
Dark_Blue,14.752754191286908,50.42221970349839,-68.67921834046827
Dark_Brown,31.55854825478476,10.875752630464032,26.188919985478655
Dark_Byzantium,29.14304401529946,20.611920776373054,-9.685455890864114
Dark_Candy_Apple_Red,33.76355873629128,57.56274467155842,47.94673452920981
Dark_Cerulean,28.936614682747603,5.310197137049055,-37.22524108138363
Dark_Chestnut,49.037315880301236,17.617324880759956,12.63712404566295
Dark_Coral,52.8340677513895,43.71371609759017,34.626416579320384
Dark_Cyan,52.20546965958859,-30.622169778783682,-8.995082281900801
Dark_Electric_Blue,42.90629892873632,-3.7268969287996834,-11.48748351188129
Dark_Goldenrod,59.22078590137896,9.864088461058296,62.73059093318607
Dark_Gray,69.23779560557698,-0.001803909411235427,0.0034193738033927445
Dark_Green,17.42190689489403,-21.09765399689893,7.120036744333413
Dark_Imperial_Blue,26.21725289904537,-1.21522050554973,-28.93333541234965
Dark_Jungle_Green,13.176027184481082,-5.232421371777541,0.5584360389677689
Dark_Khaki,73.3821009728476,-8.788842762162519,39.293888214877406
Dark_Lava,26.273699617739652,3.419693012723463,8.136046961690525
Dark_Lavender,40.30985735914918,29.688010132361637,-33.407964261335486
Dark_Magenta,32.599758748468034,62.55088289422026,-38.728391844007106
Dark_Midnight_Blue,21.30642136768597,6.816416906603839,-34.21149720932636
Dark_Olive_Green,42.23397747321704,-18.82847924053832,30.599608598494545
Dark_Orange,69.48535254005431,36.825062128580335,75.48694479520869
Dark_Orchid,43.3796539194842,65.1519338805172,-60.09441205278314
Dark_Pastel_Blue,63.905480883629,-1.69657463018702,-27.268143355874198
Dark_Pastel_Green,68.0520260197534,-66.38552628449223,52.974952640397056
Dark_Pastel_Purple,54.7696563152506,36.8815736654623,-47.57045456048657
Dark_Pastel_Red,45.24323820103667,52.503572891534844,44.624486247874515
Dark_Pink,56.97075800151151,60.240185211472955,6.505115070865974
Dark_Powder_Blue,25.762508197589575,28.882292698818755,-59.09036766207731
Dark_Raspberry,32.31727867635437,45.36342203990254,-6.189176590499756
Dark_Red,28.089639257590797,50.999581052771106,41.29056063964677
Dark_Salmon,69.85626128687774,28.17311563596614,27.714141867833163
Dark_Scarlet,16.07636536086398,36.324536990729406,11.879264914194032
Dark_Sea_Green,72.08679421922686,-23.821085224925987,18.040778250946232
Dark_Sienna,12.682554931187958,19.72278890325724,9.916445056906536
Dark_Slate_Blue,30.82803701625363,26.049119904979655,-42.07984475114203
Dark_Slate_Gray,31.25525511765091,-11.721042660591568,-3.7215984572258165
Dark_Spring_Green,42.224418415122564,-37.04253522032955,17.762257036565675
Dark_Tan,54.35986704900965,-0.9418717487291173,28.21065198246603
Dark_Tangerine,75.64653658681924,22.52601066380022,77.2270984716611
Dark_Taupe,26.273699617739652,3.419693012723463,8.136046961690525
Dark_Terra_Cotta,50.76025405876713,51.00103357030489,18.565976244526016
Dark_Turquoise,75.2903000843251,-40.04593801549655,-13.509156290621327
Dark_Violet,39.579007633612676,76.32062809612941,-70.36321179418562
Dark_Yellow,56.41113654023147,-3.9674270493532116,59.08394251187292
Dartmouth_Green,41.07878539041708,-40.42211234796048,21.364610327621534
DavyS_Grey,36.145850839719834,-0.0011035760652811089,0.002091867287856708
Debian_Red,46.033234458765705,71.89833251688138,18.032392630737103
Deep_Carmine,37.51460263144008,55.12941635002938,18.26023602099749
Deep_Carmine_Pink,52.68145372067187,70.25988732183164,43.25538228989676
Deep_Carrot_Orange,59.53819620282813,46.31253921237865,55.629419089505305
Deep_Cerise,50.61693430812238,69.28074250215455,-7.214790304891716
Deep_Champagne,87.55136707050663,5.75665150872906,28.884047635222853
Deep_Chestnut,47.27985497480356,42.84776407380597,25.322709425894296
Deep_Coffee,33.400481219363144,19.796320077220763,9.12676684308612
Deep_Fuchsia,53.524881993410546,57.976995830363975,-37.219301253443085
Deep_Jungle_Green,28.148191303175658,-20.56293019634195,-4.644728231362583
Deep_Lilac,48.080004115602506,45.651755742393554,-42.69692894375894
Deep_Magenta,48.51032635868425,83.02876338161225,-51.40727570551291
Deep_Peach,85.32981166686089,13.252533905759478,26.47701163208991
Deep_Pink,55.96047798987999,84.53810516143784,-5.697376407464838
Deep_Ruby,36.398768205272745,32.95433860536814,-2.7475972906481405
Deep_Saffron,72.42004819537199,31.02534206569729,65.72919864543601
Deep_Sky_Blue,72.54579227907962,-17.662129049820397,-42.536469581420036
Deep_Tuscan_Red,32.3861291842172,17.354344688841284,-0.196653226341581
Denim,41.52799720593116,14.02281302396699,-54.87088575774807
Desert,66.14553923322053,8.36593472449726,30.15593512235959
Desert_Sand,83.37672808267962,8.866738122558838,17.726593962489503
Dim_Gray,44.41356014781601,-0.0012785477258026035,0.0024235322308996388
Dodger_Blue,59.37794997752211,9.953847832122332,-63.38341606457982
Dogwood_Rose,47.1108689312083,71.59621138019529,6.498765883397017
Dollar_Bill,70.50121766207276,-33.20850603938713,37.885145716858595
Drab,49.92702639062635,6.320259499273728,50.860055627979975
Duke_Blue,17.45679483739488,54.85576509254442,-74.7180725120458
Earth_Yellow,73.03199937625186,12.488590147789026,45.68519254372199
Ebony,38.444350470365585,-5.866952659136004,6.417078146345756
Ecru,72.80622288691293,-1.7507073882722657,27.67931879507146
Eggplant,31.353345062907124,17.25696410473035,-4.369465616478729
Eggshell,92.67484656380611,-1.3236711790323152,10.435806435294959
Egyptian_Blue,27.62227747803061,33.99361192839992,-63.917933271019436
Electric_Blue,91.3815494824814,-33.04267054410609,-13.520233843062023
Electric_Crimson,53.62772940140907,81.14757481789574,41.25947427901391
Electric_Cyan,91.11330144068016,-48.090596233016704,-14.126329820082262
Electric_Green,87.73509948831895,-86.18302974439501,83.1797031753845
Electric_Indigo,38.89417835990922,82.02291941961354,-96.68639892919293
Electric_Lavender,82.91080357730692,31.814667447329526,-25.601139849105927
Electric_Lime,93.60562036098761,-41.945849568950585,90.27445621562056
Electric_Purple,49.85433086416745,89.3690733853174,-78.2567248474213
Electric_Ultramarine,34.54715870796069,79.97704701629038,-104.0398384798633
Electric_Violet,42.85124317415827,84.36894915741445,-90.01343255214356
Electric_Yellow,97.13950703971322,-21.55468101695346,94.47812227647825
Emerald,72.47363163215297,-51.25166198698772,30.25786009452247
English_Lavender,59.98548588674987,21.622691895824275,-2.1646415235384797
Eton_Blue,76.31409876201079,-23.989622914017627,13.798049752687902
Fallow,66.14553923322053,8.36593472449726,30.15593512235959
Falu_Red,27.59996734170238,43.249328038711646,28.382962929970663
Fandango,44.23282484064303,59.688003076733665,-18.714239635126305
Fashion_Fuchsia,53.82656140259449,85.05935936345233,-17.411211885272373
Fawn,73.92080953050629,14.997755495523569,38.20770465291741
Feldgrau,37.89771700985807,-8.40889258802971,3.702553267288078
Fern_Green,46.61821652605274,-25.913579509243114,25.5900833855935
Ferrari_Red,54.849770990461536,75.4633132749602,67.79459198512889
Field_Drab,37.15749330953008,3.640685835151203,34.20373189889979
Fire_Engine_Red,44.687246878349036,64.53848120264239,41.20869569810175
Firebrick,39.117792299783915,55.91651816355836,37.64968205710451
Flame,55.347987059092034,51.34617962285565,55.687551078528365
Flamingo_Pink,71.57163511643196,44.83705560484413,2.7788910480969653
Flavescent,91.68821862978172,-7.578689606294486,45.835431120111636
Flax,87.474203680352,-5.756327477434098,46.274744982877955
Floral_White,98.4016610655078,-0.03881572741654127,5.380614657094318
Fluorescent_Orange,81.0306935621448,10.384338406406734,83.03002340761529
Fluorescent_Pink,55.96047798987999,84.53810516143784,-5.697376407464838
Fluorescent_Yellow,93.60562036098761,-41.945849568950585,90.27445621562056
Folly,53.84762731344739,81.74314342500728,32.14985529904182
Forest_Green_Traditional,24.482005353005434,-28.748336148509967,15.867228153495672
Forest_Green_Web,50.59329455260385,-49.585776907056314,45.01683564680532
French_Beige,55.103051065821475,12.585282976264434,24.010769544603306
French_Blue,46.472301074778585,0.820887247463653,-45.78860692272046
French_Lilac,46.16036933221161,23.88561702741748,-19.33809637188615
French_Lime,93.60562036098761,-41.945849568950585,90.27445621562056
French_Raspberry,44.8224606768676,60.84553722549835,22.656037386519735
French_Rose,58.349766261596415,69.35474740018304,2.9304524722454817
Fuchsia,60.323506527414594,98.2330538631131,-60.82101524414516
Fuchsia_Crayola,53.524881993410546,57.976995830363975,-37.219301253443085
Fuchsia_Pink,70.64759365331378,69.02310499701686,-44.46454996194878
Fuchsia_Rose,48.814745557908836,56.35168449586009,0.6250849139882053
Fulvous,64.16179528452427,29.947857241288066,70.36555090423681
Fuzzy_Wuzzy,55.38283722433063,40.34417994570866,18.922766881790487
Gainsboro,87.76088811005117,-0.0021959183864606047,0.004162440618071805
Gamboge,69.4519645625214,17.89253527804069,71.81680875788464
Ghost_White,97.7571970804292,1.2446511063055055,-3.3408161788489377
Ginger,50.144660661621614,24.4727978743689,58.039951221249616
Glaucous,53.84397505093631,2.398156596708445,-31.09008588327771
Glitter,92.32614485970456,2.6712948998902086,-8.916339566632313
Gold_Metallic,72.84951516620654,1.379707443859679,62.9147744566787
Gold_Web_Golden,86.93073664133725,-1.9246369415933384,87.13209040792725
Golden_Brown,47.151795154017634,14.538628837981516,49.29511488282428
Golden_Poppy,81.44732807088647,7.549639405206198,83.16951306857831
Golden_Yellow,88.94114937397647,-5.950334643613553,88.55683114534703
Goldenrod,70.81807955888218,8.523307062445918,68.76229167679028
Granny_Smith_Apple,85.17376160264664,-31.835588152538786,27.240314878412143
Gray,53.58501345216902,-0.0014726455530578164,0.0027914514965976522
Gray-Asparagus,35.74516656436319,-11.753456696735054,9.232865499517695
Gray_Html/Css_Gray,53.58501345216902,-0.0014726455530578164,0.0027914514965976522
Gray_X11_Gray,76.97594183318152,-0.00196767379195828,0.003729794952933574
Green_Color_Wheel_X11_Green,87.73509948831895,-86.18302974439501,83.1797031753845
Green_Crayola,62.5968789546028,-48.39153057562995,16.769658539255026
Green_Html/Css_Green,46.22765770135144,-51.698683483727635,49.897075555228945
Green_Munsell,61.07618178257006,-48.69967270158987,15.182143089340471
Green_Ncs,57.9000828331404,-48.032612861027225,17.43825354872055
Green_Pigment,59.42305604537893,-55.48931095839637,33.86495369312688
Green_Ryb,65.04570778018731,-44.305383093808324,54.3826568718624
Green-Yellow,91.95713130117836,-52.48163055241123,81.86526612863558
Grullo,64.37751465878644,2.177708232167286,12.510936569931207
Guppie_Green,88.47043471564855,-76.90282791076547,47.030443337716
Halayà_úBe,30.141748413286365,24.65484707308299,-8.055981144756686
Han_Blue,47.568358903285656,18.373280529145052,-55.44441283001951
Han_Purple,36.643668615551995,75.62117160672533,-97.70141725796273
Hansa_Yellow,85.24114780358852,-6.737078485393566,54.4811649466497
Harlequin,88.2437220794826,-81.60486059007866,83.8001941362241
Harvard_Crimson,41.96836378043454,67.19506680068679,48.146260597272125
Harvest_Gold,65.8730991891793,18.777561792793772,70.8515612005927
Heart_Gold,51.869087235605306,-12.930023866568273,56.67466732365868
Heliotrope,65.88150206055782,62.726761595490174,-52.24951032665521
Hollywood_Cerise,53.82656140259449,85.05935936345233,-17.411211885272373
Honeydew,98.5655974102067,-7.567264488289426,5.479768572138055
Honolulu_Blue,50.61443510564733,-5.479512104701878,-41.514394055025484
HookerS_Green,47.1732812000296,-19.820429367691293,2.553309916165092
Hot_Magenta,58.602332183054585,89.5165782307345,-36.004706557588115
Hot_Pink,65.48588180868504,64.237246870332,-10.643083480422888
Hunter_Green,36.133518618408104,-22.792782758612322,15.691077872664872
Iceberg,66.0851258492391,-5.710810264591526,-27.82470363511038
Icterine,95.17271728373228,-16.276641408619284,71.53148026114175
Imperial_Blue,21.47231389764911,37.82708382750871,-63.71431955146007
Inchworm,87.1172115479923,-39.95426183306655,61.759879385737506
India_Green,49.207811735376396,-52.1959267837111,50.8497443080407
Indian_Red,53.39501088395025,44.82754515678589,22.119029319838447
Indian_Yellow,72.91024097517459,13.283662774161709,49.52280133546707
Indigo,38.89417835990922,82.02291941961354,-96.68639892919293
Indigo_Dye,26.21725289904537,-1.21522050554973,-28.93333541234965
Indigo_Web,20.468866675974226,51.68456479626526,-53.31049562004445
International_Klein_Blue,26.220745294651664,37.03190551093419,-66.84420716972485
International_Orange_Aerospace,58.843357827974614,64.30936367819906,69.55145635099994
International_Orange_Engineering,39.65264663173248,60.48460300330627,49.16162092977288
International_Orange_Golden_Gate_Bridge,44.27616366775458,54.073097410182456,38.26795723928045
Iris,41.64064750821091,40.111941121773825,-64.9697762835988
Isabelline,94.9963723064545,0.6403466821303105,2.4054212144726694
Islamic_Green,51.775425834350344,-56.307764386716364,54.345538118670824
Ivory,99.63992896094746,-2.553669340137399,7.167060655767088
Jade,60.838756493141446,-51.40978333055818,21.432478399751666
Jasmine,88.78451594567552,-3.1534709717599974,50.02170528214931
Jasper,49.407815411674264,60.23690412106664,34.95890507998914
Jazzberry_Jam,36.07873516154789,60.82562858997595,-4.482449444168113
Jet,21.704275932542856,-0.0007979452978368329,0.0015125334070886787
Jonquil,87.62018272234182,-2.717797575594205,63.39428988498612
June_Bud,82.72707880658784,-27.98887083434082,59.65229754513901
Jungle_Green,62.79719776254977,-43.00340882047249,8.796778921201609
Kelly_Green,67.38006747363917,-57.582998888906445,64.11051119570674
Kenyan_Copper,27.09617361385196,40.057722801741384,37.101225957481496
Khaki_Html/Css_Khaki,72.69283413037547,1.961299055891541,18.392231153846183
Khaki_X11_Light_Khaki,90.32831221845714,-9.011214593085072,44.981979894469745
Ku_Crimson,48.499275347375345,74.66531382795222,58.94543478478427
La_Salle_Green,43.7954248674513,-44.72388857540105,31.228504379615117
Languid_Lavender,82.78446766306809,7.603499891556565,-7.903811551140327
Lapis_Lazuli,40.18094274256068,2.033961969115289,-37.55069142813967
Laser_Lemon,96.85012329145368,-21.108861671887468,90.70605614940057
Laurel_Green,73.53706993346864,-11.224330695318695,12.754857264505981
Lava,43.86445019735749,67.29125588017759,45.32346496711145
Lavender_Blue,83.56947770042672,10.293279374656683,-24.9053595890941
Lavender_Blush,96.06870419863442,5.885011288241593,-0.5892059833517482
Lavender_Floral,61.5790842894297,38.51882504281129,-39.98982556930224
Lavender_Gray,79.22513221374847,2.7973169170480983,-6.359705467270271
Lavender_Indigo,50.81518012991097,54.73280548509729,-65.75995144463818
Lavender_Magenta,69.69541331432924,56.354689667794446,-36.805759768205704
Lavender_Mist,91.8274621523321,3.7053550211512687,-9.656727243539741
Lavender_Pink,79.29268285157781,33.24987843000699,-6.782330600065811
Lavender_Purple,56.115087098462126,22.25427316846984,-27.24224018104653
Lavender_Rose,76.799972391412,43.250804607055606,-19.75119134387775
Lavender_Web,91.8274621523321,3.7053550211512687,-9.656727243539741
Lawn_Green,88.87682271675426,-67.85661486340871,84.95280277740889
Lemon,95.07029932222883,-17.733738887968865,92.9686671251524
Lemon_Chiffon,97.64825572987552,-5.42868963457982,22.23771133371408
Lemon_Lime,95.09873460281356,-32.911986369857814,92.05645719558765
Licorice,5.943255372149416,3.875770047875121,1.9632235533620035
Light_Apricot,87.79908605728532,8.886398536177065,23.02756991354864
Light_Blue,83.81293650733596,-10.894289497646925,-11.472307533759674
Light_Brown,50.946566800514475,27.174990830891144,51.16231512614509
Light_Carmine_Pink,59.6352082892642,50.132067025678126,18.962273621905123
Light_Coral,66.1567499033394,42.808877706048406,19.55932814736403
Light_Cornflower_Blue,79.22890219619435,-10.999700396286837,-20.646674666327502
Light_Crimson,62.98172165909237,57.23811881599627,5.522610024686392
Light_Cyan,97.86742219354822,-9.947066498111168,-3.370350505322728
Light_Fuchsia_Pink,71.47167194581925,58.6778139303436,-34.49077167169048
Light_Goldenrod_Yellow,97.36918823173306,-6.48305096825702,19.241203434680454
Light_Gray,84.55611673636051,-0.002128094984898965,0.004033878972342642
Light_Green,86.54843579668241,-46.32937130288439,36.95206392317356
Light_Khaki,90.32831221845714,-9.011214593085072,44.981979894469745
Light_Pastel_Purple,68.11884838722801,19.883900363071195,-28.192670423855493
Light_Pink,81.05451105749734,27.96093798395971,5.0395837671472155
Light_Red_Ochre,62.0092309552324,42.580434990466095,40.02635031263737
Light_Salmon,74.70609773117688,31.47642083838281,34.55102570204902
Light_Salmon_Pink,73.77026892633,38.08945652074053,16.480679129628008
Light_Sea_Green,65.78541288359521,-37.51612369392332,-6.327366360246289
Light_Sky_Blue,79.72292492526469,-10.834122169859683,-28.49714481641028
Light_Slate_Gray,55.91668288216131,-2.24952260462552,-11.10476660923496
Light_Taupe,60.917973297320486,11.08444720240348,21.8834107862534
Light_Thulian_Pink,69.07578043314214,36.658687953247835,-1.1864217603270832
Light_Yellow,99.28514534961514,-5.109402214186376,14.841933638100912
Lilac,71.07110018124645,20.53768826186031,-14.124600727936087
Lime_Color_Wheel,92.83730389269387,-46.87227018962476,89.35403788621694
Lime_Green,72.60700730440027,-67.12603496083125,61.43827888792147
Lime_Web_X11_Green,87.73509948831895,-86.18302974439501,83.1797031753845
Limerick,73.3970986170873,-33.038158870186294,72.72971659535436
Lincoln_Green,32.61731304032564,-35.6321898655951,37.49031074408113
Linen,95.3115574485024,1.6752607000473096,6.026391913633389
Lion,66.14553923322053,8.36593472449726,30.15593512235959
Little_Boy_Blue,64.55932860197831,-0.6101507910922788,-35.73915949835165
Liver,32.779018737324584,4.150792853974128,-1.1584299964644718
Lust,49.454622448824296,70.75455713898054,51.95001869990753
Magenta,60.323506527414594,98.2330538631131,-60.82101524414516
Magenta_Dye,45.59323728894459,68.87481979101823,-7.732981922880078
Magenta_Process,55.35943360374367,85.7665826779651,-4.804340888268066
Magic_Mint,89.61132145376098,-28.117675755318817,8.048319689828688
Magnolia,96.77031857440386,3.281301207177012,-4.792397676736648
Mahogany,45.46498760421589,49.21458456246391,56.68034128133237
Maize,92.26218311490487,-11.366250958434353,68.83140875676959
Majorelle_Blue,43.34467797629021,44.5717399837951,-69.62673419341291
Malachite,76.5607378681934,-71.53692164845083,53.64927785606728
Manatee,63.8295456072902,2.1837558231787013,-8.694884628190414
Mango_Tango,67.75188094416379,43.273050273394844,54.38275005922263
Mantis,72.0150673400615,-42.515551180903884,39.5812148538059
Mardi_Gras,31.644076830576168,61.10374796011106,-36.556804673572664
Maroon_Crayola,43.005297082339176,62.6659844490855,20.136510640603866
Maroon_Html/Css,25.53540727156536,48.04503745948327,38.05710510204643
Maroon_X11,41.518308665608,54.7027509907575,2.470455694456153
Mauve,78.53073143801927,31.494316285512692,-32.47826168070702
Mauve_Taupe,46.05503905552633,22.442464466959468,0.4866147988410896
Mauvelous,72.03631617468292,34.856857522501286,4.363298658696202
Maya_Blue,75.5690764854913,-8.588655173183579,-35.50485218532475
Meat_Brown,76.58459005763585,4.660361757559961,65.60001676987376
Medium_Aquamarine,80.42463131691053,-45.39147045006331,15.021608635542073
Medium_Blue,24.970291843927036,67.17489574498778,-91.49774363360922
Medium_Candy_Apple_Red,47.60596717358854,73.26411866100518,43.820439441078086
Medium_Carmine,42.82423767079406,44.61899543625736,30.657241644718948
Medium_Champagne,90.79612347527353,-3.8348158631530405,30.068845902173848
Medium_Electric_Blue,33.894067922873205,7.731916033844877,-44.02883393151462
Medium_Jungle_Green,19.973283744760927,-12.015733398216517,2.019742303303995
Medium_Lavender_Magenta,73.37371082627904,32.528804250238686,-21.981615279717627
Medium_Orchid,53.64331694809657,59.05866087860279,-47.39872002225325
Medium_Persian_Blue,41.86885463394764,-1.1456604713383223,-40.25513138712809
Medium_Purple,54.974437973071886,36.79536774586034,-50.08561561363205
Medium_Red-Violet,45.12121374581364,60.75375596195048,-14.82955960454515
Medium_Ruby,43.11517644834641,47.28067682069642,-0.9364427006545384
Medium_Sea_Green,65.27183914791519,-48.21939789108792,24.29275390154899
Medium_Slate_Blue,52.1554909568886,41.0656237605867,-65.39223108999137
Medium_Spring_Bud,84.66567334934652,-19.651092992563733,39.651516887440884
Medium_Spring_Green,87.33879688045124,-70.68792552315512,32.46606385723454
Medium_Taupe,35.018936859314074,10.618987680104997,7.421923589544144
Medium_Turquoise,76.88107906475246,-37.36266501265606,-8.350709079931807
Medium_Tuscan_Red,35.03510585103682,21.765106740051916,15.361916984455426
Medium_Vermilion,55.52019668383976,45.229250467702656,43.60624696140435
Medium_Violet-Red,44.76627270122647,70.99149148960221,-15.166747268866976
Mellow_Apricot,79.38428991594247,15.971255283009578,41.377766962932874
Mellow_Yellow,88.78451594567552,-3.1534709717599974,50.02170528214931
Melon,81.91852516199853,22.327659101899712,13.236830590957794
Midnight_Blue,15.857131603623813,31.711767313423177,-49.57264378600962
Midnight_Green_Eagle_Green,27.815693396505417,-15.771944424077144,-11.620955963639258
Mikado_Yellow,82.25563153122229,7.890999481652061,82.73147270066475
Mint,66.11337340451104,-43.171221763244894,12.447295710107875
Mint_Cream,99.15640809430532,-4.165358179937018,1.2509724286607682
Mint_Green,91.89070816499157,-49.97744620292821,40.01262235567617
Misty_Rose,92.65632172050378,8.744976927224146,4.839894375707221
Moccasin,93.73135757818152,1.8366498256468522,11.530202655319677
Mode_Beige,49.92702639062635,6.320259499273728,50.860055627979975
Moonstone_Blue,66.4539871953931,-11.261833471429672,-18.386366127938846
Mordant_Red_19,36.48883793174869,58.686057786055315,50.57984559506538
Moss_Green,84.31621047885534,-25.668356360125376,19.369847962470477
Mountain_Meadow,67.81874148895207,-46.43532230214503,11.528810338018802
Mountbatten_Pink,54.67366284864042,15.318058812139379,-5.702429095803807
Msu_Green,26.05710623716608,-18.267031071715177,1.4563774221311276
Mulberry,50.45096469533436,55.048409069030576,-10.828013505010903
Mustard,88.27170795365949,-1.5199919626878167,66.75696986726527
Myrtle,24.68143015845436,-20.751924374423968,18.15193774599101
Nadeshiko_Pink,78.20465129618208,30.224269636384136,-1.9311842074999142
Napier_Green,46.88236464973292,-45.936057815247125,50.69494759597393
Naples_Yellow,87.62018272234182,-2.717797575594205,63.39428988498612
Navajo_White,90.1014117004068,4.508515278087266,28.27550480015919
Navy_Blue,12.97116400963807,47.501124213906564,-64.70044556721979
Neon_Carrot,74.73976055868147,26.42991126309563,61.547941126156026
Neon_Fuchsia,57.82568293227122,71.67923513089286,24.788350525433867
Neon_Green,88.17833379851704,-82.09099028213357,81.99373314098455
New_York_Pink,63.520377627353255,31.849539640445123,15.980053370452119
Non-Photo_Blue,84.85183591118106,-14.428983798676908,-13.681186067380334
North_Texas_Green,52.081215684508294,-52.535032628953594,39.324960576677505
Ocean_Boat_Blue,48.1451996057951,-1.0636171596686284,-44.85647632727239
Ochre,58.1791688830439,27.335494322501376,56.82250850279872
Office_Green,46.22765770135144,-51.698683483727635,49.897075555228945
Old_Gold,73.95335043778545,-3.7519180020814114,62.312755775731134
Old_Lace,96.780026499791,0.16878023777228135,8.170494273199758
Old_Lavender,46.07192215868224,9.813479946878312,-6.416107358567369
Old_Mauve,28.209668919525193,26.994284114014334,-2.4028583413468474
Old_Rose,60.09774906620811,24.900535851524907,9.636272701613112
Olive,51.869087235605306,-12.930023866568273,56.67466732365868
Olive_Drab_#7,22.001062647550718,-0.04445595827606841,14.582724961576277
Olive_Drab_Web_Olive_Drab_#3,54.65067995477054,-28.222375450891956,49.69151137196781
Olivine,71.42281141344422,-22.690891562817228,32.14105199974038
Onyx,23.272737900660672,-1.0423203012952797,-1.0661460861049354
Opera_Mauve,61.09897658893813,25.216914907527922,-10.76890978321774
Orange_Color_Wheel,66.85854197601888,43.31685057276818,73.90118898937729
Orange_Peel,73.58573880486215,27.055095274121086,78.07324457807192
Orange-Red,57.58158901192216,67.78240079604842,68.95825825331237
Orange_Ryb,71.7592309558457,28.532644690818344,76.40586331374465
Orange_Web_Color,74.93571528478064,23.932400317057457,78.94969513672964
Orchid,62.80286880509058,55.280610028561824,-34.40067654856613
Otter_Brown,31.55854825478476,10.875752630464032,26.188919985478655
Ou_Crimson_Red,31.288095045123022,54.699314321780875,45.135820806005626
Outer_Space,30.743174721930792,-3.1386302112949016,-2.4212705229999854
Outrageous_Orange,64.09002754682591,53.11252497847163,46.96064213583293
Oxford_Blue,12.87504300201261,5.800733822789436,-27.02940639922727
Pakistan_Green,36.93377626515187,-43.9773349314273,42.44480238034906
Palatinate_Blue,36.07628406958996,52.31206513531866,-85.12089216648376
Palatinate_Purple,27.588538827865897,36.40312714800087,-19.755624460879552
Pale_Aqua,83.69952086447773,-4.278764186895878,-11.541950622420227
Pale_Blue,90.06002410582306,-19.64093371936415,-6.395433128237782
Pale_Brown,52.14513800430704,8.677440271351145,23.808244881291884
Pale_Carmine,42.82423767079406,44.61899543625736,30.657241644718948
Pale_Cerulean,77.24325077478677,-6.579683815904403,-19.31488275151949
Pale_Chestnut,75.04927416297996,17.791349417535518,5.708821446428702
Pale_Copper,65.01428918374188,26.90176222076346,31.41188245690858
Pale_Cornflower_Blue,81.04379986149304,-3.665354107340868,-20.43824050662053
Pale_Gold,79.32133398121329,7.386572177171757,31.62836805266176
Pale_Goldenrod,91.1411131723834,-7.350730113847681,30.974632596833885
Pale_Green,90.749848775355,-48.29827183959967,38.53080777037072
Pale_Lavender,85.77935517984321,13.078362600052017,-21.43515068144797
Pale_Magenta,71.07917365865886,57.02689251915849,-29.606083753991342
Pale_Pink,89.71474804488808,11.539015212012115,2.6183311496749573
Pale_Plum,73.37371082627904,32.528804250238686,-21.981615279717627
Pale_Red-Violet,60.56787364393978,45.517891235628774,0.40512826063756613
Pale_Robin_Egg_Blue,83.61429002600234,-25.19960977932295,-0.7685088531018014
Pale_Silver,78.28948433216873,2.269122051901884,3.64301899746331
Pale_Spring_Bud,92.09817627133636,-7.035618941149235,22.517789171865665
Pale_Taupe,65.47985290646817,9.662639293460284,18.770031569925138
Pale_Violet-Red,60.56787364393978,45.517891235628774,0.40512826063756613
Pansy_Purple,27.1350881418414,44.54716276546103,-5.669215190227472
Papaya_Whip,95.07610937437586,1.268737534375619,14.529432561914568
Paris_Green,72.47363163215297,-51.25166198698772,30.25786009452247
Pastel_Blue,78.39792459651069,-6.219173798589884,-7.221175250160439
Pastel_Brown,46.38350269264463,7.028758452560069,16.305010723911316
Pastel_Gray,82.84785485739907,-1.9540410520306195,5.465447348251118
Pastel_Green,80.15967732118318,-50.08391453529132,40.91567515413013
Pastel_Magenta,73.7028056548194,38.90912370134325,-6.40005098920533
Pastel_Orange,78.43853936442872,18.254074004722177,63.60640368573258
Pastel_Pink,72.97263262739087,20.877776446811268,8.77465379203992
Pastel_Purple,67.55669768870978,11.881801165986028,-9.049770866533336
Pastel_Red,63.53448223942115,56.60076619101106,33.88980904647079
Pastel_Violet,69.25329973617619,26.680230192778488,-17.39092631726431
Pastel_Yellow,97.3643290969685,-14.323702479908551,49.191725568068414
Patriarch,29.784243348507374,58.92714115958938,-36.48475141326216
PayneS_Grey,42.90629892873632,-3.7268969287996834,-11.48748351188129
Peach,91.95182300015352,1.8015627451106742,27.189065359440168
Peach_Crayola,85.32981166686089,13.252533905759478,26.47701163208991
Peach-Orange,85.37720333573996,11.497904859076591,32.26869730368072
Peach_Puff,89.35006157561907,8.083495560631981,21.02599392570246
Peach-Yellow,89.91457111165002,2.1070342114841156,27.949604369966718
Pear,86.09196349822163,-25.81605188366981,76.99566805750125
Pearl,89.3812521313004,-0.5325186912449875,12.980390584812884
Pearl_Aqua,80.8216215892024,-29.902854783506072,4.113200574593279
Pearly_Purple,54.63521955292009,39.710841928220944,-17.651841807300016
Peridot,87.59095147590776,-17.99503586345963,86.61498731253712
Periwinkle,83.56947770042672,10.293279374656683,-24.9053595890941
Persian_Blue,31.252700962171566,39.30411603482123,-70.45879427254337
Persian_Green,61.112559737588626,-40.54366051459057,-0.3921386323076481
Persian_Indigo,17.988388188845455,41.383648419179714,-52.42497991275983
Persian_Orange,66.0637932581458,22.068130836724375,40.691407595660365
Persian_Pink,68.5150169499994,52.97764199463756,-11.864643146355313
Persian_Plum,24.82806714895424,36.62708252950642,21.8684872297233
Persian_Red,46.241912093299156,59.121036865292794,37.11740801644875
Persian_Rose,57.27256347788777,82.77268997070236,-12.603540840071116
Persimmon,56.897540843054,54.40668651042924,66.75852417371445
Peru,61.75445404924436,21.394751519729805,47.91955115570546
Phlox,54.97963180300545,93.54186908078255,-69.69880198219893
Phthalo_Blue,16.24049712025954,44.34976049818912,-64.93606422096288
Phthalo_Green,19.232921601184273,-17.591324981129112,7.005675883107632
Piggy_Pink,90.92133593201636,12.482978403269563,-0.31798927079249584
Pine_Green,45.39721311610773,-30.84425902314783,-2.6429041520009022
Pink,83.58644633212609,24.141807714718134,3.3296933027973985
Pink_Lace,91.4627336985194,15.522216509746167,-6.840494097852656
Pink-Orange,72.89662741492332,33.565002067967306,42.785696035100095
Pink_Pearl,76.67964812851449,26.9648777972194,-9.25715942728833
Pink_Sherbet,71.01780424047354,41.97498827651886,4.6833813782326095
Pistachio,74.41294482657017,-31.208328654581674,36.414268290481175
Platinum,90.61349994958947,-0.02052657599488361,1.095997765097012
Plum_Traditional,40.73761292477064,39.97943783361069,-22.178594709553433
Plum_Web,73.37371082627904,32.528804250238686,-21.981615279717627
Portland_Orange,60.64480869704984,60.96173944268729,53.354995183822766
Powder_Blue_Web,86.13241791665364,-14.095395768948805,-8.00323429779577
Princeton_Orange,70.11346818001097,35.30007113050115,75.87496514023115
Prune,24.82806714895424,36.62708252950642,21.8684872297233
Prussian_Blue,19.31130513224481,-0.42005736626365975,-24.881450704984122
Psychedelic_Purple,54.97963180300545,93.54186908078255,-69.69880198219893
Puce,63.95626925297093,28.349003431857646,1.677294740331492
Pumpkin,65.00611534918603,48.37379825419369,68.42195665639353
Purple_Heart,33.877686304922754,43.26881718703376,-47.37350861193846
Purple_Html/Css,29.784243348507374,58.92714115958938,-36.48475141326216
Purple_Mountain_Majesty,55.37422864654661,23.993353026501797,-28.38925984274161
Purple_Munsell,40.25089851710805,75.20037915000496,-61.056654015259696
Purple_Pizzazz,62.99933432299484,79.27999027300403,-35.9507235575584
Purple_Taupe,29.179724363910204,9.52944248406265,-5.231466653585281
Purple_X11,45.35574346370504,78.73334571508327,-77.38992223296934
Quartz,31.68973642111321,5.23155468368644,-2.785140340654413
Rackley,55.410446147953365,-7.135546355225064,-20.652432885444362
Radical_Red,56.70423375257673,74.97889903160032,26.885420764964852
Rajah,76.36564998508454,22.18646319606704,49.82366143090551
Raspberry,48.71749367376526,75.20450192844835,15.889031914339968
Raspberry_Glace,46.05503905552633,22.442464466959468,0.4866147988410896
Raspberry_Pink,56.264751945823235,62.901019692266914,-8.740294322916098
Raspberry_Rose,45.36341327407354,48.72174842317206,0.6782305999386784
Raw_Umber,45.174406027804395,6.525550200743191,23.459314862574242
Razzle_Dazzle_Rose,59.881855393401395,85.30221956952327,-32.868797770728506
Razzmatazz,50.35857641352706,72.34325064040826,9.587413165766412
Red,53.240587943744885,80.09230822569225,67.20275104442868
Red-Brown,37.52638298567689,49.690023330924426,30.544063531395327
Red_Devil,27.108089377854107,49.79656811599503,32.48023507260063
Red_Munsell,50.931594385671445,78.01900817499097,39.24781500698856
Red_Ncs,41.25107932653721,66.54313543566056,31.024509740310112
Red-Orange,59.829154905814235,64.40200926851902,42.67573029227299
Red_Pigment,50.65012057059454,73.34632652973461,51.61364800068219
Red_Ryb,54.62921879933769,75.53202937513088,63.21746589673406
Red-Violet,44.76627270122647,70.99149148960221,-15.166747268866976
Redwood,45.24582449782187,38.48842934822827,16.23228168070281
Regalia,27.377325262908577,34.973299614542874,-40.74217213635435
Resolution_Blue,19.84461560857497,32.498021183724525,-57.69305821306384
Rich_Black,23.792050137772,-17.865413452122198,-5.247860134109694
Rich_Brilliant_Lavender,78.16669223218047,41.256689858056916,-32.36279647672915
Rich_Carmine,45.389296512190015,71.81587707639481,28.95943098074514
Rich_Electric_Blue,57.23134390287245,-9.783442975370427,-40.71905214251892
Rich_Lavender,55.314696450410906,42.079916201389736,-42.62672394366327
Rich_Lilac,56.189535632215026,49.50260671942408,-42.83200747372542
Rich_Maroon,41.518308665608,54.7027509907575,2.470455694456153
Rifle_Green,29.406350481722626,-7.193514754133185,11.688484423875911
Robin_Egg_Blue,74.53454627130418,-40.64724223147803,-11.939888356892947
Rose,54.864434035753604,84.46246633197762,4.642957583989382
Rose_Bonbon,58.51822872912321,74.71763290516814,-8.485632357655915
Rose_Ebony,33.9015400018553,12.942975010047181,6.476187254398669
Rose_Gold,54.659748759736786,30.313576717054314,6.3791139694470145
Rose_Madder,49.48242778848778,69.31623963663792,40.23854906983251
Rose_Pink,65.84747913184032,68.58661411416817,-23.662869909186135
Rose_Quartz,64.85723205423844,9.742564344828342,-6.433546055626116
Rose_Taupe,45.010902062203414,20.884650972198326,8.652963906820709
Rose_Vale,45.24582449782187,38.48842934822827,16.23228168070281
Rosewood,19.189916385097398,40.86528343337489,24.938791914402703
Rosso_Corsa,44.23540257421522,69.67578659199586,58.462599516698866
Rosy_Brown,63.60736848333545,17.011270496402943,6.612618863609376
Royal_Azure,28.522533287481956,31.503640578600223,-63.651592563184714
Royal_Blue_Traditional,16.309912999963835,18.717118231883656,-42.3336882834611
Royal_Blue_Web,47.82962456777491,26.25994311898211,-65.25982491788507
Royal_Fuchsia,47.5419620931678,68.22708203561312,-18.761744432221473
Royal_Purple,42.3723250801505,34.71310108179537,-41.448144072144544
Royal_Yellow,87.62018272234182,-2.717797575594205,63.39428988498612
Rubine_Red,44.56302241218554,71.55351626542195,13.957314249933306
Ruby,48.35983618051786,74.0424065680807,14.069169162548544
Ruby_Red,32.843887176154965,53.23473340841553,32.028638300955656
Ruddy,53.40638146209946,80.54529090425444,53.46014381222353
Ruddy_Brown,51.869192368088804,30.07779119244963,47.72355072374375
Ruddy_Pink,67.69423327140896,32.46688785535501,9.067015532827849
Rufous,36.316039797618885,54.008671699354664,46.99901926320692
Russet,36.08018804059935,21.308670200775897,35.412556941502594
Rust,44.06426111444384,45.75559942399659,51.117687621720854
Rusty_Red,48.4067943450448,65.9297555229329,30.967104739190976
Sacramento_State_Green,31.838605163220038,-29.089556750862165,7.088057158116645
Saddle_Brown,37.46978641866561,26.44214424772598,40.98418759033085
Safety_Orange_Blaze_Orange,62.479811150909384,54.55919834106504,71.41677061953379
Saffron,81.25336530191086,3.8891285945298337,74.14431379129705
Salmon,70.2051291500839,40.41334972052935,37.89155499695212
Salmon_Pink,72.35927603259461,43.40530410015281,8.409775101995765
Sand,72.80622288691293,-1.7507073882722657,27.67931879507146
Sand_Dune,49.92702639062635,6.320259499273728,50.860055627979975
Sandstorm,84.89157157923256,-7.599284594997702,71.99571159482878
Sandy_Brown,73.95448285822225,23.025980521477585,46.79308477508752
Sandy_Taupe,49.92702639062635,6.320259499273728,50.860055627979975
Sangria,29.75038170587967,53.00662577209778,39.2194145551241
Sap_Green,47.674549389390606,-30.35756077264848,39.13385169306364
Sapphire,37.260937467509876,21.769433802792392,-60.03928588953951
Sapphire_Blue,41.86885463394764,-1.1456604713383223,-40.25513138712809
Satin_Sheen_Gold,68.34804488520781,4.83222366317465,59.00376933349377
Scarlet,54.5836143786815,76.22356573814388,67.69138830028972
Scarlet_Crayola,53.44996179685275,79.39554354558942,46.55935040632091
School_Bus_Yellow,87.18099085140209,-2.430267779867268,87.30876465499445
Screamin_Green,90.21720466176996,-63.17121570522488,51.897610414870755
Sea_Blue,41.59470992179157,-9.147836246046426,-30.58509540132166
Sea_Green,51.53405725827187,-39.71634808945906,20.05432678482816
Seal_Brown,10.77036695050094,15.162484038367326,6.987098881911424
Seashell,97.12144053881886,2.1599480954740957,4.5584986783026915
Selective_Yellow,79.83127067032262,12.981243239597429,82.21285947678697
Sepia,32.68444535603763,15.982454942247232,34.673800413542324
Shadow,51.68881179933544,2.0942566325215517,17.79092797060229
Shamrock_Green,57.36319481008492,-50.062857326575006,22.759725793937857
Shocking_Pink,56.92714160722373,88.83151834087433,-30.62125302947125
Shocking_Pink_Crayola,69.36416163158329,72.50309999269294,-46.47897257875393
Sienna,32.200885440737345,37.714163025858255,34.08761935088799
Silver,77.7043635899527,-0.0019830895690575723,0.0037590161013234535
Sinopia,47.630546701341316,52.71070147398432,56.049779485127246
Skobeloff,43.87296742957205,-26.881131131250623,-7.8961741804362
Sky_Blue,79.20706663269527,-14.841744624646047,-21.272052186887038
Sky_Magenta,60.04492686549939,44.9520985273682,-16.650579389044683
Slate_Blue,45.33553817762539,36.036981295281656,-57.76837156987564
Slate_Gray,52.83562372270133,-2.144554267312526,-10.567919724203634
Smalt_Dark_Powder_Blue,25.762508197589575,28.882292698818755,-59.09036766207731
Smokey_Topaz,37.705512891928976,36.633929897196964,15.887202006402001
Smoky_Black,3.5287022738480402,0.7245738162807019,2.0135722933765807
Snow,98.64388769270037,1.6543609192998243,0.5920353078530782
Spiro_Disco_Ball,72.77586368678288,-18.863233401316513,-40.557980012506654
Spring_Bud,90.70462376426943,-54.30667270257883,87.16103642902257
Spring_Green,88.47043471564855,-76.90282791076547,47.030443337716
St._PatrickS_Blue,21.386070591511576,26.16876593393905,-46.889874145832245
Steel_Blue,52.46539357569341,-4.080020665768346,-32.1882808278791
Stil_De_Grain_Yellow,87.62018272234182,-2.717797575594205,63.39428988498612
Stizza,31.288095045123022,54.699314321780875,45.135820806005626
Stormcloud,41.540396947168446,-7.525721124095136,-5.0646057427716435
Straw,85.63992291498467,-9.952559267240535,52.976971809579986
Sunglow,84.32339173646477,4.521633445740969,76.35163010016475
Sunset,87.55136707050663,5.75665150872906,28.884047635222853
Tan,74.97576423899038,5.0198800313908105,24.430969373904652
Tangelo,57.51504314694593,63.131854697908054,68.31256636270479
Tangerine,66.25752529304809,35.16761847016359,72.61172993916067
Tangerine_Yellow,84.19973296151005,3.6789024604482745,85.21751786761678
Tango_Pink,61.40633614234024,45.414087607659916,16.168667735426865
Taupe,26.273699617739652,3.419693012723463,8.136046961690525
Taupe_Gray,56.158098566669096,3.0125223777712207,-1.341707744996401
Tea_Green,91.47590747430536,-18.969324572693957,19.80642824310084
Tea_Rose_Orange,67.70598073442288,43.58289236225765,25.749408591913635
Tea_Rose_Rose,82.76125539927901,17.821181775379724,6.819346747000243
Teal,48.254142428068675,-28.848144705149153,-8.473972849656874
Teal_Blue,46.01967920821513,-14.252607637336823,-16.487764971906273
Teal_Green,48.87903789901418,-30.1398705876281,-6.952190839364181
Telemagenta,48.30173729240754,64.14500648471567,-0.5634617158527755
Tenné_Tawny,51.60973666387308,43.58441063199425,61.15145255827428
Terra_Cotta,60.74905961538073,41.594177425662515,32.80184169565998
Thistle,80.07771827572003,13.215455444054614,-9.224821813733431
Thulian_Pink,61.19868337495265,48.816544957684,-6.6813248505877665
Tickle_Me_Pink,70.57340806351831,47.34433255766973,1.3286157505030927
Tiffany_Blue,68.39859796025436,-39.12872805205797,-8.544650686810451
TigerS_Eye,65.92531014296488,24.922757373723346,54.421784494600665
Timberwolf,86.16341827132847,0.4817985706466188,2.948654554387775
Titanium_Yellow,89.28687476863261,-16.58491853132704,88.14231373065871
Tomato,62.20681826357389,57.85066699989066,46.42107106726907
Toolbox,49.78940979050549,23.77322305902496,-43.11387759044221
Topaz,83.9803219452919,10.771504806172672,45.24196781996081
Tractor_Red,53.44996179685275,79.39554354558942,46.55935040632091
Trolley_Grey,53.58501345216902,-0.0014726455530578164,0.0027914514965976522
Tropical_Rain_Forest,43.55073009530591,-34.14165128015806,4.8104187903167395
True_Blue,47.96108731443304,8.146142013340075,-54.896914984140686
Tufts_Blue,51.42681280443527,2.4114950595928164,-41.29073479782879
Tumbleweed,73.58408403701513,14.627317074466962,24.896949631685228
Turkish_Rose,55.52807390270415,28.436532866718544,2.9169921226795736
Turquoise,77.50915507349728,-43.20296855179373,-5.320770911992456
Turquoise_Blue,90.6635596254071,-52.57831679780167,-6.49354338585677
Turquoise_Green,81.21479922969115,-24.262319615300566,11.216748514363317
Tuscan_Red,36.72209033260286,22.178824173998912,9.577549933102214
Twilight_Lavender,39.96680782825724,32.03859884019333,-7.384490574033253
Tyrian_Purple,20.809443662318444,43.87259284955236,-5.978623697270969
Ua_Blue,27.486567831224022,35.594240155568805,-66.56154191745316
Ua_Red,46.012927148350805,72.84346132723496,22.428572031307283
Ube,54.6648081663392,22.941283907367882,-37.02990664417245
Ucla_Blue,44.101687759748586,4.62331168097535,-27.05933584207372
Ucla_Gold,78.17250455390085,16.6277010510833,81.0935424421334
Ufo_Green,74.3427404679855,-59.34363616867866,36.648671890287886
Ultra_Pink,69.36416163158329,72.50309999269294,-46.47897257875393
Ultramarine,17.122328371569203,48.41897555395202,-67.20804344368463
Ultramarine_Blue,48.53123275130811,35.24749545048317,-75.3532506686644
Umber,35.97043235198451,5.772748135815492,8.692920249703706
Unbleached_Silk,90.43175657458029,8.87271728208222,13.667476786449706
United_Nations_Blue,60.28080863699793,6.762831857602903,-47.4982714470624
University_Of_California_Gold,59.47454969975357,9.576557536788656,55.17495751791833
Unmellow_Yellow,97.5279311175164,-18.44126355017972,70.90191358928848
Up_Forest_Green,24.482005353005434,-28.748336148509967,15.867228153495672
Up_Maroon,25.743979175751498,43.55389132491732,29.152798111688337
Upsdell_Red,38.189568385322296,55.53301176468564,32.376155850147306
Urobilin,73.55080600380514,7.342077482865417,71.04551280231495
Usafa_Blue,33.68470434106494,9.094187859709557,-45.57978241774171
Usc_Cardinal,31.288095045123022,54.699314321780875,45.135820806005626
Usc_Gold,84.19973296151005,3.6789024604482745,85.21751786761678
Utah_Crimson,44.535777898818644,70.82619220316083,28.33790536447447
Vanilla,90.79612347527353,-3.8348158631530405,30.068845902173848
Vegas_Gold,72.7712028809694,-5.123591464602062,48.12081846173668
Venetian_Red,42.01737474218033,66.1502712728218,48.53769671949883
Verdigris,66.89018631778718,-32.41535001836582,-6.8313897671674395
Vermilion_Cinnabar,52.37605381317074,61.080583816918946,44.419850531048276
Vermilion_Plochere,55.52019668383976,45.229250467702656,43.60624696140435
Veronica,45.35574346370504,78.73334571508327,-77.38992223296934
Violet,42.85124317415827,84.36894915741445,-90.01343255214356
Violet-Blue,35.57403536575632,27.106013430743648,-58.020777872800956
Violet_Color_Wheel,40.78443824961307,83.09278862390082,-93.49620854437056
Violet_Ryb,34.366362279822475,67.77486661591364,-57.8192582207276
Violet_Web,69.69541331432924,56.354689667794446,-36.805759768205704
Viridian,49.68763981563458,-26.476147929525073,4.948548455481894
Vivid_Auburn,33.331550293800866,44.31282663963526,28.407830282720703
Vivid_Burgundy,35.02122191861938,52.55440070995235,20.393157883228398
Vivid_Cerise,48.72709589503502,73.54812365193769,-6.400938430354031
Vivid_Tangerine,74.95887042988394,32.83417402464228,26.83702401067447
Vivid_Violet,45.0678498326247,85.84751454796834,-86.28467093086654
Warm_Black,24.605965333688033,-18.230836481085532,-5.355200999795285
Waterspout,91.42828045025708,-23.097311339999592,-10.162634220760225
Wenge,37.224170415202515,6.223767774760303,3.6216228697843023
Wheat,89.35169531838764,1.5098359066753053,24.01130352022807
White,100.0,-0.0024549378619953544,0.004653421154054982
White_Smoke,96.53748961423614,-0.002381659863437413,0.004514520127574251
Wild_Blue_Yonder,70.95462623134925,3.6773474820435137,-19.01047250296819
Wild_Strawberry,59.85291854985498,76.54135204177443,-9.880176259023443
Wild_Watermelon,64.25764225921742,56.99952257105423,14.363719421241106
Wine,29.126169403685125,30.35996486610937,9.724936512165227
Wine_Dregs,28.209668919525193,26.994284114014334,-2.4028583413468474
Wisteria,71.36925108674853,25.88436813389139,-24.669357693038442
Wood_Brown,66.14553923322053,8.36593472449726,30.15593512235959
Xanadu,54.08084113235164,-9.798652106594307,5.238446459913515
Yale_Blue,32.88315349631133,8.755288352619017,-43.21474234442905
Yellow,97.13950703971322,-21.55468101695346,94.47812227647825
Yellow-Green,76.5350486230822,-37.98867327119504,66.58655552300272
Yellow_Munsell,82.66827723909178,-3.172534398232729,83.43091530056785
Yellow_Ncs,85.93290351926696,0.10443094885598248,86.4296434012021
Yellow_Orange,77.23937461157901,20.647251501892892,64.45626021734165
Yellow_Process,93.012971828878,-13.857941192367552,91.47731337712158
Yellow_Ryb,96.90054488298132,-20.70206087621651,87.22605601867359
Zaffre,21.30569346392165,51.88066931725316,-75.61081168393817
Zinnwaldite_Brown,10.00725134113529,9.569490246677498,11.889199151743297
